"Телепрограмма «Спокойной ночи, малыши!»
Филиал ФГУП ВГТРК ГТК «Телеканал «Россия»","Развлекательная, воспитательная и развивающая программа, специально разработанная для детей-дошкольников. Её главная задача - помочь малышу познать окружающий мир, развить у детей творческие навыки и воображение"
"Телепрограмма «Очевидное-невероятное»
Филиал ФГУП ВГТРК ГТК «Телеканал «Россия»","Авторская программа Сергея Петровича Капицы - попытка помочь людям понять содержание науки через личность ученого.
Научные открытия, изобретения, сенсации – все это находит свое место в программе, но, прежде всего, зритель узнает о том, как это может повлиять на его жизнь"
"Телепрограмма «В гостях у Деда-Краеведа»
ФГУП «Всероссийская государственная телевизионная и радиовещательная компания»","Цикл кукольных этнографических программ для самых маленьких зрителей.
Программа посвящена регионам России, народам, населяющим эти регионы, их истории и традициям, костюмам, обрядам и сказкам.
Канал-вещатель: «Бибигон»"
"Телепрограмма «Главная дорога»
ОАО «Телекомпания НТВ»","Программа о том, как необходимо вести себя и что необходимо сделать для повышения безопасности на дорогах страны.
Информация о происходящем на дорогах страны – дорожно-транспортных происшествиях, изменениях в Правилах дорожного движения, строительстве новых магистралей, переправ, мостов и т.д.; анализ чрезвычайных ситуаций на дорогах"
"Ток-шоу «Линия жизни»
Филиал ФГУП ВГТРК ГТРК «Культура»","Ток-шоу с участием известных актеров, режиссеров, писателей и других деятелей отечественной культуры."
"Десятый международный телевизионный конкурс юных музыкантов «Щелкунчик»
Филиал ФГУП ВГТРК ГТРК «Культура»","Телевизионная версия Десятого международного телевизионного конкурса юных музыкантов «Щелкунчик».
Задача конкурса – выявление юных музыкальных дарований, способных продолжить лучшие традиции русской исполнительской школы."
"Телепрограмма «Играют лауреаты конкурса «Щелкунчик»
Филиал ФГУП ВГТРК ГТРК «Культура»","15 молодых исполнителей академической музыки – лауреатов разных лет Международного телевизионного конкурса юных музыкантов «Щелкунчик» выступят в Концертном зале им. П.И. Чайковского в сопровождении Большого симфонического оркестра им П.И. Чайковского.
Концерт состоится в преддверии Десятого международного телевизионного конкурса юных музыкантов «Щелкунчик»."
"Телевизионный документальный фильм «Чехов XXI века»
Филиал ФГУП ВГТРК ГТРК «Культура»","Фильм к 150-летию со дня рождения Антона Павловича Чехова.
Художественная структура фильма – реконструкция в формате «исповедь свидетелей», которая соединяется с последовательно выстроенными интервью и включением архивных материалов"
"Телевизионный документальный фильм «Три жизни поэта»
Филиал ФГУП ВГТРК ГТРК «Культура»","Фильм к 100-летию Александра Трифоновича Твардовского"
"Цикл телевизионных документальных фильмов «Жемчужины»
Филиал ФГУП ВГТРК ГТРК «Культура»","Цикл фильмов посвящен 100-летию Государственного музея изобразительных искусств им. А.С. Пушкина, которое отмечается в 2012 году.
Истории великих шедевров, которые представляют собой редчайшую художественную ценность."
"Сопровождение скрытыми субтитрами программ на каналах вещания ОАО «ТВ Центр» в регионах РФ
ОАО «ТВ Центр»","Сопровождение скрытыми субтитрами информационных, аналитических, общественно-политических, познавательных, научно-популярных программ, а также документальных и художественных фильмов и сериалов на каналах вещания ОАО «ТВ Центр» в регионах Российской Федерации"
"Телепрограмма «АБВГДейка»
ОАО «ТВ Центр»","Одна из старейших передач для детей.Доступная и привлекательная форма урока-игры позволяет охватить аудиторию от трехлетних малышей до младших школьников, а традиционное домашнее задание от ведущей Татьяны Кирилловны и почтальона Печкина позволяет детям раскрыть свои творческие способности"
"Телепрограмма «Уважаемый Антон Павлович»
ОАО «ТВ Центр»","Фильм к 150-летию со дня рождения Антона Павловича Чехова
Фильм будет построен на размышлениях о жизни и современном значении Чехова крупнейших мировых режиссеров, которые ставили чеховские произведения на сцене и в кино"
"Телепрограмма «Жди меня»
ЗАО «Телекомпания ВИD»","Социальное ток-шоу, направленное на восстановление человеческих связей, утверждение высоких нравственных принципов в отношениях между людьми, оказание помощи и психологической поддержки людям, потерявшим своих близких, попавшим в беду или просто страдающим от одиночества"
"Телепрограмма «Марш-бросок»
ООО «Телекомпания Воен-ТВ»","Программа посвящена жизни и деятельности российской армии и флота. В ней поднимаются как вопросы повышения уровня боевой подготовки, оснащения войск боевой техникой и вооружением, так и решения проблем социальной защиты военнослужащих. Особое внимание уделяется призыву молодежи в армию, адаптации молодых людей в воинских коллективах и их профессиональному становлению."
"Телепрограмма «В мире животных»
ООО «Телерадиокомпания АСС-ТВ» (научно-популярное и просветительское телевидение)","Одна из старейших на отечественном телевидении образовательная программа о животных.
Уникальный видеоматериал + комментарии ведущего Н.Н. Дроздова."
"Телепрограмма «Истории из будущего»
ООО «Телерадиокомпания АСС-ТВ» (научно-популярное и просветительское телевидение)","Цикл научно-публицистических программ посвящен передовым достижениям российских исследователей в области фундаментальной науки и высоких технологий."
"Телепрограмма «Умницы и умники»
ООО «Студия Юрия Вяземского «Образ-ТВ»","Гуманитарная олимпиада для старшеклассников.
Соревнования проходят по следующим областям: история, география, литература, право, культура и русский язык"
"Телевизионные ролики социальной рекламы «Найди меня, мама!»
АНО «Агентство социальной информации»","Социальные ролики в рамках информационной кампании в СМИ по семейному устройству детей-сирот «Наши дети».
Информирование населения о ситуации с сиротами и о возможностях, которые есть у граждан, желающих принять участие в судьбах детей, оставшихся без попечения родителей."
"Телепрограмма «Формула власти»
ФГУП «Информационное телеграфное агентство России (ИТАР-ТАСС)»","В программе затрагиваются основополагающие аспекты внешней политики России и двусторонних отношений с зарубежными странами."
"Телепрограмма «Разночтения»
ООО «НЕОТЕЛ»","Главная тема программы – литературный процесс, механизмы литературы как культурной индустрии."
"Цикл телевизионных документальных фильмов «Провинциальные музеи России»
АНО «Студия «Позитив-фильм»","Цикл о провинциальных городах и музеях современной России, где будут представлены музеи не только как хранилища исторических и культурных ценностей, но и центр жизни целого сообщества людей."
"Телепрограмма «Небо на земле»
ООО «Телекомпания «Сретение»","Культурно-просветительская программа о монастырях России, ставших настоящими центрами русского православия."
"Телепрограмма «Русские праведники»
ООО «Телекомпания «Сретение»","Цикл посвящен русским святым, соединившим любовь к Богу с любовью к людям."
"Телепрограмма «Загадка Чехова»
Гуманитарный фонд «Чеховский центр»","Программа об актуальности творчества А.П.Чехова в России и за ее пределами. Попытка понять, что заставляет зарубежных режиссеров снова и снова обращаться к чеховской драматургии, адаптируя ее к сегодняшнему дню, меняя время и место действия, но при этом оставляя в неизменности сам текст.
Программа построена в виде заочного диалога между российскими и зарубежными творческими деятелями"
"Телевизионный ролик социальной рекламы «Безопасность детей в Интернете»
РОО «Центр Интернет-технологий»","Ролик социальной рекламы, направленный на привлечение внимания общественности к проблеме Интернет-угроз, а также методам борьбы с ними"
"Телевизионный фильм «Сердца четырех»
ООО «Киностудия «ВЕРТИКАЛЬ»","Фильм о ставшем уже классическим направлении современной музыки - джазе и о тех, кто не мыслит свою жизнь без джаза.
В фильме прослеживается история советского джаза – от Леонида Утесова до Давида Голощекина"
"Цикл телевизионных роликов социальной рекламы «Береги себя»
ООО Студия «Мастерская»","Социальные ролики повествуют о вреде алкоголя и последствиях, к которым приводит его употребление. Рассматривается механизм воздействия алкоголя на организм с точки зрения медицины"
"Цикл телевизионных документальных фильмов «Общее дело»
ООО Студия «Мастерская»","Цикл телевизионных документальных фильмов о вреде алкоголя и последствиях, к которым приводит его употребление"
"Телепрограмма «ПредпоЧтение»
ООО «СТУДИЯ 52»","Чтение своих любимых литературных произведений артистами и другими известными людьми."
"Телепрограмма «Наши соседи»
ООО «КИНОГРАД»","Герои цикла – люди разных национальностей и вероисповеданий - живущие в большой коммунальной квартире в центре Москвы. Эта квартира стала для них островком некогда большой и могучей страны - Советского Союза.
Программа рассказывает о жизни семьи, ее радостях и заботах, конфликтных ситуациях во взаимоотношениях и путях выхода из них, учит терпимости друг к другу"
"Телевизионный документальный фильм «Великий Новгород в истории России»
АНО «Телевизионная студия «София»
г.Великий Новгород","Историко-документальный фильм, посвященный Великому Новгороду, отмечающему свое 1150-летие. Авторы фильма представляют Великий Новгород как уникальное явление не только отечественной, но и мировой истории."
"Телевизионный документальный фильм «Подземный город»
АНО «Телевизионная студия «София»
г.Великий Новгород","Фильм посвящен Новгородской археологической экспедиции и ее бессмертному руководителю академику В.Л. Янину."
"Цикл телевизионных документальных фильмов «Семейный портрет»
ООО «Компания «Регион-Фильм»
г.Воронеж","Фильмы о трех семьях:
-многодетная семья, воспитывающая родных детей;
- семья со статусом «семейный детский дом»;
- патронатная семья.
Каждый из этих укладов своеобразен, но всеми управляет логика обычных семейных отношений: «дети - родители», «семья – общество»."
"Цикл телевизионных документальных фильмов «Вопреки!»
НОУ «Российский центр подготовки работников региональных телевизионных компаний «Практика»
г. Нижний Новгород","Реальные истории о становлении личности молодого человека в современной жизни.
На примере конкретных человеческих судеб авторы фильмы покажут, что сегодняшние молодые люди готовы справляться с трудными и порой трагичными эпизодами своей судьбы, не опускать на «дно», а достойно преодолевать их и добиваться успеха."
"Телепрограмма «Детский тележурнал «Спасайкин»
НО Благотворительный фонд «Безопасное детство»
г. Краснодар","Программа направлена на распространение среди детей младшего школьного возраста знаний по защите от угроз террористических актов и иных чрезвычайных обстоятельств
"
"Телепрограмма «История ВОГ»
Некоммерческое партнерство «Телевидение глухих»
г.Нижний Новгород","Кинохроникальная программа о жизни Всероссийского общества глухих в 60-х – 90-х гг.
"
"Телепрограмма Калейдоскоп новостей»
Некоммерческое партнерство «Телевидение глухих»
г.Нижний Новгород","Информационная программа, освещающая крупные мероприятия, проводимые под эгидой Всероссийского общества глухих в регионах Российской Федерации
"
"Телевизионный документальный фильм «Они сражались за Родину. Фильм о фильме»
Всероссийская государственная телевизионная и радиовещательная компания","Фильм об истории создания фильма С.Бондарчука «Они сражались за Родину»"
"Телевизионный документальный фильм «Кризисы. Предсказания пророка»
Всероссийская государственная телевизионная и радиовещательная компания","Фильм об истории экономических кризисов и о людях, которые наиболее детально исследовали это экономическое и социальное явление"
"Телепрограмма «Документальная история с Владимиром Мясниковым»
Филиал ФГУП ВГТРК ГТРК «Культура»","В авторской программе историка Владимира Мясникова директора крупнейших российских архивов, академических институтов, музеев, известные историки-ученые дают неопровержимые свидетельства о событиях, которые порой по-разному интерпретировались в нашей истории"
"Телевизионный документальный фильм «Ирина Архипова. Архитектура гармонии»
Филиал ФГУП ВГТРК ГТРК «Культура»","Фильм к 85-летию певицы Ирины Архиповой"
"Телевизионный документальный фильм «Лев Лосев. Нью-Гэмпшир. Февраль 2007 года»
Филиал ФГУП ВГТРК ГТРК «Культура»","Фильм-интервью поэта Льва Лосева с чтением стихов и комментариями к ним.
Фильм основан на эксклюзивном материале, снятом в феврале-марте 2007 года"
"Телевизионный документальный фильм «Париж Сергея Дягилева»
Филиал ФГУП ВГТРК ГТРК «Культура»","Фильм к 100-летию «Русских сезонов» Сергея Дягилева в Париже"
"Телепрограмма «Календарь памятных дат»
ЗАО «Межгосударственная телерадиокомпания «Мир»","Программа об исторических событиях и великих людях, благодаря которым этот день вошел в историю."
"Телепрограмма «Путеводитель»
ЗАО «Межгосударственная телерадиокомпания «Мир»","Путешествия в уникальные природные уголки в странах Содружества, знакомство с местными жителями, их укладом и обычаями"
"Телепрограмма «Новости Содружества. Культура»","Информационная программа, посвященная событиям культурной жизни стран СНГ и мира"
"Телепрограмма «Великий, могучий…»
ЗАО «Межгосударственная телерадиокомпания «Мир»","Программа представляет собой монолог ведущей, объясняющей трудности русского языка.
Каждая программа посвящена определенному слову или выражению, которые рассматриваются с точки зрения как литературных норм, так и норм повседневной речи"
"Телепрограмма «Искатели»
ООО «ЦИВИЛИЗАЦИЯ Нео»","Программа посвящена загадкам и тайнам истории России, исследованиям малоизвестных событий, документов и забытых личностей."
"Телепрограмма «Репортер» с Михаилом Дегтярем»
ООО «ТВ студия РЕПОРТЕР»","Цикл авторских программ на самую разнообразную тематику.
Цель: рассказать о теме или событии так, чтобы любой зритель сказал: «Теперь я знаю об этом всё»
"
"Телепрограмма «Рыбалка с Радзишевским»
ООО «Артель продакшн»","Авторская программа исполнительного директора Федерации Рыболовного Спорта России Станислава Радзишевского о рыбалке во всех ее проявлениях.
Каждая программа – это путешествие на разные рыболовные места, это небольшие открытия, это секреты рыболовного мастерства"
"Телевизионный документальный фильм «Свободная Антарктида»
ООО «МедиаМенеджмент»","Фильм посвящен проблемам настоящего и будущего Антарктиды.
В фильме будет показана жизнь российских ученых-полярников, их научные достижения в борьбе за экологию Земли"
"Телевизионный документальный фильм «Выпускной на минном поле»
ООО «Кинопрограмма «XXI век»","Документальный военно-патриотический фильм, посвященный подвигу тружеников тыла во время Великой Отечественной войны – девушек и юношей, ступивших со школьной скамьи на разминирование полей в Оштинском районе Вологодской области"
"Телепрограмма «Изобретатели»
ООО «Студия «Улёт»","Мультипликационный рисованный фильм.
Цель проекта - разбудить творческое начало ребенка, интерес к науке и изобретениям"
"Цикл телевизионных документальных фильмов «Новая антология»
ООО «ТВК-СтудияГрупп»","Фильмы о современных российских писателях
В основе каждого фильма - своеобразный портрет – монолог писателя."
"Телевизионная версия ежегодной церемонии вручения национальной премии за вклад в развитие российского Интернета «Премии Рунета»
ООО «АртСтайл Медиа»","Телевизионная версия VI Торжественной церемонии вручения национальной премии за вклад в развитие российского Интернета «Премии Рунета-2009»"
"Цикл телевизионных документальных фильмов «Инженер – мастер класс»
ООО «С-41»","Фильмы раскрывают историю развития научно-инженерных школ в России на примере научных и творческих биографий выдающихся ученых – выпускников МГТУ им. Н.Э. Баумана"
"Телепрограмма «Русский Полюс» ООО «Международное Агентство «Кроун ТВ»","Программа расскажет о российских приоритетах (научных, практических, военно-политических, территориальных) в Арктике."
"Телепрограмма «Сельский час»
ООО «2Л Медиа+»","Информационные и информационно-познавательные сюжеты, посвященные актуальным проблемам аграрно-промышленного комплекса и сельских территорий"
"Телепрограмма «Полчаса без родителей»
ООО «Студия «Иллюзион»
г.Санкт-Петербург","Познавательно-развлекательная программа для детей 7-14 лет освещает самые важные стороны социальной жизни ребенка – вопросы безопасности, новости компьютерных технологий, правила хорошего тона, события культурной жизни города (выставки, концерты, театральные спектакли для детей)"
"Телепрограмма «Факты сегодняшнего дня»
ООО «Факт»
пос. Тазовский","Информационные и информационно-аналитические программы о жизни Тазовского района Ямало-Ненецкого автономного округа
"
"Телепрограмма «Мастера»
ООО «Студия «Алиен»
г. Казань","Профессионально-игровое соревнование между учащимися профессиональных учебных заведений.
Сочетание телевизионного конкурса профмастерства с познавательными сюжетами о профессиях и их истории"
"Телепрограмма «Где ты, мама?»
ООО «Телемир»
г.Саратов","Проект посвящен проблеме семейного устройства детей-сирот, оставшихся без попечения родителей.
Цель проекта – помочь детям, оставшимся без попечения родителей, найти семью, а потенциальным родителям рассказать о путях усыновления или опеки"
"Телепрограмма «Тормошилки»
ООО «Телемир»
г.Саратов","Телепрограмма для детей, совмещающая развлекательные и познавательные аспекты.
Юные зрители учатся рисовать, читать, считать, мастерить, знакомятся с правилами поведения, правилами дорожного движения, демонстрируют свои успехи в спорте"
"Телепрограмма «Радость встречи»
Филиал ФГУП ВГТРК ГТРК «Бурятия»
г.Улан-Удэ","Программа направлена на поиск людей, восстановление родственных и дружеских связей между жителями Монголии и Бурятии."
"Телепрограмма «Будильник»
ОАО «Телерадиокомпания СКАТ»
г.Самара","Информация о наиболее ярких эпизодах из жизни школ, о событиях, происходящих в области, так или иначе связанных с детьми.
"
"Цикл короткометражных документальных фильмов «Лица России»
ЗАО «Информационное агентство «Росбалт»
г. Санкт-Петербург","Короткометражные документальные фильмы о народах России, их культуре и образе жизни, традициях, национальных особенностях."
"Цикл социальных роликов «Демография – судьба народа»
Вологодская городская общественная организация «Центр общественных инициатив»
г.Вологда","Ролики социальной рекламы, направленные на укрепление института семьи"
"Телепрограмма «Семейный очаг»
Вологодская городская общественная организация «Центр общественных инициатив»
г.Вологда","Сюжеты, направленные на пропаганду традиционных семейных ценностей"
"Телевизионный проект «Обыкновенное чудо»
ЗАО «Телерадиокомпания ТВ-2»
г.Томск","Цикл программ о больных детях, которым необходимо дорогостоящее лечение."
"Телепрограмма «Экспедиция ТВ-2»
ЗАО «Телерадиокомпания ТВ-2»
г.Томск","Программы об истории, культуре, бытовом укладе коренных сибирских народов"
"Телепрограмма «Территория завтра»
ООО Рекламно-информационное агентство «Свет»
г.Нижний Новгород","Программа о проблемах экологии.
В проекте рассматриваются самые разнообразные аспекты в области экологии: экологически-чистые районы области, природные заповедники, инвестиционные проекты предприятий, направленные на оздоровление окружающей среды, вторичные ресурсы, экологически чистые продукты, экологическое здоровье россиян."
"Радиопрограмма «Адреса милосердия»
Автономная некоммерческая организация «Студио – Диалог»","Цикл радиопрограмм, направленных на продвижение в обществе идей милосердия и благотворительности, вовлечение граждан в деятельность благотворительных фондов, общественных организаций и волонтерских групп, оказывающих помощь населению."
"Радиопрограмма «Азбука чтения»
ООО «НЕОТЕЛ»","Радиопутеводитель в мире книг.
Еженедельный обзор новинок отечественной и зарубежной художественной литературы, мемуаров, научно-популярной литературы гуманитарных областей знаний, литературы нон-фикшн."
"Радиопрограмма «Книги нашего детства»
ООО «НЕОТЕЛ»","Программа о детских книгах, их авторах, историях создания, прототипах главных героев"
"Радиопрограмма «Когда папа был маленьким»
Филиал ФГУП ВГТРК ГРК «Радио России»","Программа для семейного прослушивания
Что любил папа в детстве? Что читал? Был ли он хулиганом или паинькой? Из кого вырастают знаменитые люди?
Форма: документальные рассказы кого-то из знаменитых или просто интересных людей о своем детстве; постановочные спектакли по книгам В.Голявкина, Вл.Крапивина, Л.Кассиля, А.Гайдара; радиоколлажи, содержащие и документальную, и художественную, и музыкальную страницы; рассказы детей и внуков о своих замечательных отцах и дедах; чтение мемуаров и т.д."
"Радиопрограмма «Волшебная дверь»
Филиал ФГУП ВГТРК ГРК «Радио России»","Цикл оригинальных литературно-художественных постановочных передач для детей и подростков от 7 до 13 лет с элементами интерактивного общения.
Знакомство с лучшими произведениями детской и юношеской литературы"
"Радиопрограмма «Как курица лапой»
Филиал ФГУП ВГТРК ГРК «Радио России»","Программа для детей от 8 лет.
Занимательное путешествие по знаменитым художественным произведениям, сказкам, мифам и легендам."
"Радиопрограмма «Великая Отечественная. История Победы»
Филиал ФГУП ВГТРК «ГРК «Радио России»","Освещение важнейших событий и переломных моментов Великой Отечественной войны, рассказ о людях и их судьбах.
Современное исследование исторических событий и достоверное их отображение в лучших традициях художественно-постановочных программ государственного радио"
"Радиопрограмма «Великая Отечественная. Люди. События. Документы»
Филиал ФГУП ВГТРК «ГРК «Радио России»","Проект охватывает период с 1933 г. по 1945 г., т.е. от зарождения фашизма до победы над ним.
В программе будут представлены известные, малоизвестные и совсем не известные документы, уникальные материалы, в том числе и звуковые, имеющие отношение к событиям не только Великой Отечественной войны, но и Второй Мировой."
"Радиопрограмма «Троицкое слово»
Религиозная организация Православное Братство «Радонеж» Русской Православной Церкви","Совместная программа с Троице-Сергиевой Лаврой и Московской духовной академией и семинарией, направленная на раскрытие духовных традиций и истории древнейшего монастыря России и одного из старейших учебных заведений Русской Православной Церкви.
"
"Радиопрограмма «Теория заблуждений»
ООО Компания «Вектор»","Программа, построенная в форме диалога с участием ведущих историков России, призвана взглянуть на самые дискуссионные события XX века, объяснить, почему одни факты современной зарубежной наукой раздуваются, а другие, наоборот, замалчиваются, и в чьих интересах толковать историю «по-новому»"
"Радиопрограмма «Карта Родины»
ООО «КингСтайл»","Краткий путеводитель по регионам России.
Краткая справочная информация о регионе (географические положение, столица, население, основы экономики) и любопытные факты из его истории, современной жизни, этнографии, указание самых известных выходцев из этого края"
"Радиопрограмма «Живая история»
ООО «Планета Медиа»","Цикл коротких рассказов из жизни персонажей российской истории - писателей, политиков, военачальников, ученых, культурных деятелей."
"Радиопрограмма «Сделано в России»
ООО «Планета Медиа»","Цикл коротких рассказов о вкладе России и россиян в мировую культуру, науку, технику, спорт. Факты, которые заставляют гордиться нашим общи прошлым и настоящим. Научные и технические достижения, шедевры искусства, уникальные памятники, спортивные рекорды…"
"Радиопрограмма «Открытый урок»
ООО «ФОРТЕ»","Цикл программ-диалогов ведущего с детьми, которые любят классическую музыку.
В программе будут использованы записи произведений в исполнении известных музыкантов, а также исполнение музыкальных произведений детьми-участниками дискуссии в прямом эфире"
"Радиопрограмма «Музыка, которая вернулась»
ООО «ФОРТЕ»","Серия концертных встреч, в которых принимают участие автор и ведущий программы Михаил Казиник, пианист Алексей Ботвинов, гости в студии и радиослушатели.
В программе на примерах отдельных произведений, фактов мировой художественной истории будут подниматься темы современного состояния культуры, положения в ней классической музыки."
"Радиопрограмма «РГМЦ – прямой эфир»
ООО «ФОРТЕ»","Трансляция концертов, проводимых в Концертной студии на Малой Никитской,24"
"Радиопрограмма «Книжкин дом»
ООО «Аура-Радио»","Радиопрограмма, посвященная детской литературе, книгам и журналам, чтению.
В программе принимают участие как хорошо известные, так и новые авторы детских книг – писатели и поэты, а также художники, переводчики, издатели."
"Радиопрограмма «Неигрушка»
ООО «Аура-Радио»","Программа адресована младшим школьникам и призвана помочь им в решении возникающих у них, порой совсем недетских, проблем"
"Радиопрограмма «Антология русской поэзии»
ООО «Диадема»","Авторский цикл Евгения Евтушенко.
Краткая характеристика творческого дара того или иного поэта, его место на поэтическом Олимпе и артистичное исполнение стихов"
"Радиопрограмма «Мастерская радиотеатра»
ООО «Диадема»","Радиоспектакли по произведениям русских классиков"
"Радиопрограмма «Судьбы книг»
ООО «БИССА»","Программа о судьбах книг.
Интересные моменты из истории книг, рассказы о судьбах великих библиотек, информация о современных видах книг"
"Радиопрограмма «Народы России»
ООО «КингСтайл»","Мини-очерки об истории, культуре, традициях народов России."
"Радиопрограмма «Горизонты»
ООО Компания «Вектор»","Программа о достижениях российской науки и техники"
"Радиопрограмма «Русский след»
ООО «Орбита»","Истории самых выдающихся представителей русской эмиграции XX века"
"Радиопрограмма «И довелось, и посчастливилось»
ООО «ПРЕСТО»","Цикл программ-воспоминаний об известных исполнителях и композиторах, с которыми был знаком автор и ведущий Сергей Яковенко"
"Радиопрограмма «Я тебя почти не знал…»
Филиал ФГУП ВГТРК ГТРК «Бурятия»
г.Улан-Удэ","Проект создан к 65-летию Победы в Великой Отечественной войны и посвящен жителям Республики Бурятия –героям, защищавшим Родину на фронтах, работавшим в тылу.
"
"Радиопрограмма «Русский Архив»
ООО «Свежий ветер»
г.Калининград","Программа о памятных датах и событиях истории России, а также о людях, прославивших наше Отечество"
"Радиопрограмма «Путь к Победе»
ОАО «Радиокомпания РАДИО РОКС-Регион»
г. Краснодар","Цикл программ приурочен к 65-летию Победы в Великой Отечественной войне.
Каждый выпуск программы посвящен важнейшим событиям войны – день за днем."
"Интернет-сайт «Агентство социальной информации»
www.asi.org.ru.
АНО «Агентство социальной информации»","Информация о конкретной практической деятельности некоммерческих организаций, деятельность которых направлена на решение социальных проблем, помощь нуждающимся, защиту прав и интересов граждан."
"Интернет-портал «Mediajobs» (Медиаработа)
www.mediajobs.ru
ООО «ШТАТЫ.РУ»","Информационный портал о профессиональных и кадровых ресурсах медиа-индустрии с разделами аналитики по вопросам рынка труда и профессиональных ресурсов отрасли, профессиональной подготовки и повышения квалификации сотрудников, централизованным банком резюме специалистов и менеджеров медиа-компаний"
"Информационно-аналитический сайт «Соотечественники»
www.russedina.ru
Международный союз общественных объединений «Русь Единая»","Содействие развитию сотрудничества Российской Федерации со странами СНГ и Прибалтики, межнациональному общению, решению проблем соотечественников за рубежом и переселенцев в России (оказание правовой, информационной поддержки)"
"Интернет-портал «ПРО КНИГИ. Журнал библиофила»
www.aboutbooks.ru
ООО «ИнтегроСофт»","Информирование специалистов и широкой общественности о новостях в области книжной культуры и книгоиздательства, обсуждения актуальных вопросов развития библиотек и библиотечного дела в России, популяризации чтения."
"Интернет-портал «Техника-молодежи»
www.technicamolodezhi.ru
ЗАО Редакция журнала «Техника-молодежи»","Научно-популярный, инновационно-изобретательский портал для творческой научно-технической молодежи"
"Электронный еженедельник «Колесо познаний»
www.koleso.mostinfo.ru
ООО «Межрегиональные образовательные системы и технологии»","Электронный еженедельник для незрячих пользователей содержит информацию по реабилитации, адаптации, интеграции, культуре и спорту, литературе и истории, информационным технологиям.
Основная цель портала - интеграция инвалидов по зрению в современное общество посредством расширения доступного им информационного поля.
При работе на компьютере инвалиды по зрению используют специализированное программное обеспечение экранного доступа и синтезаторы речи."
"Интернет-портал «Русский путь»
www.rp-net.ru
ЗАО «Издательство «Русский путь»","Поддержка и развитие интереса к книге как к уникальному явлению культуры, средству передачи опыта поколений, связи и единения различных общественных групп."
"Интернет-сайт «Трезвая политика»
www.trezvpol.ru ООО «Пропаганда»","Информационно-аналитический ресурс, предоставляющий объективную и достоверную информацию о современном состоянии дел в области профилактики пьянства и алкоголизма, его лечения и борьбы с негативными социальными последствиями чрезмерного употребления алкоголя"
"Интернет-сайт «Седмица.ru»
www.sedmitza.ru
Православная религиозная организация Церковно-научный центр «Православная энциклопедия»","Информационно-аналитический сайт, на котором представлены новости религиозной жизни в России и за ее пределами; новостная лента, посвященная деятельности Предстоятеля Русской Православной Церкви Святейшего патриарха Алексия II; справочная информация о епархиях, правящих архиереях, отделах и учреждениях Русской Православной Церкви"
"Интернет-сайт «Открытый текст»
www.opentextnn.ru
Нижегородское областное отделение Общероссийской общественной организации «Российское общество историков-архивистов»
г. Нижний Новгород","-пропаганда достижений гуманитарной российской мысли, науки и культуры
-представление различных точек зрения специалистов по истории, археологии, архивоведению, философии
-обеспечение открытого доступа к архивным фондам и создание справочников, отражающих историю российской государственности и общественного самосознания, памятные даты истории России"
"Официальный сайт Российского государственного музыкального телерадиоцентра «Музыкальный центр» www.muzcentrum.ru
ООО «Бюро цифровых технологий»","Официальная и новостная информация РГМЦ и радио «Орфей», материалы по тематике сферы культуры и музыки.
Организация прямого вещания радио «Орфей» в Интернете."
"Интернет-сайт «Живое слово»
www.zhivoeslovo.ru
НОУ «Российский центр подготовки работников региональных телевизионных компаний «Практика»
г. Нижний Новгород","Информационно-образовательный сайт адресован профессиональному сообществу журналистов и направлен на сохранение и развитие живого грамотного языка в средствах массовой информации.
Интернет-представительство международного мультимедийного фестиваля «Живое слово»"
"Официальный веб-сайт Национальной премии за вклад в развитие российского Интернета «Премия Рунета» www.PremiaRuneta.ru
ООО «Студия дизайна АртСтайл»","Интернет-представительство Национальной премии за вклад в развитие российского Интернета «Премия Рунета».
-информация о премии, работе Экспертного совета и о проводимых мероприятиях;
-информация по истории Интернета и его российского сегмента, по развитию IT-технологий, по вопросам правового регулирования в Интернете, приведены примеры западного опыта, экспертные оценки и аналитические отчеты по развитию ИКТ в России"
"Интернет-портал «Чтение-21»
www.chtenie-21.ru
www.chtenie-21.org
Некоммерческий фонд поддержки книгоиздания, образования и новых информационных технологий «Пушкинская библиотека»","Информационно-образовательный портал призван помочь профессионалам книжного дела в разработке программ и акций по продвижению чтения."
"Справочно-информационный портал «ГРАМОТА.РУ»
www.gramota.ru ООО «ГРАМОТА.РУ»","Справочно-информационный портал, направленный на всестороннюю популяризацию знаний о русском языке.
Внимание будет направлено не только на среднестатистических пользователей, но и на специалистов в области русского языка, учащихся и соотечественников, проживающих в странах ближнего и дальнего зарубежья"
"Интернет-портал «Александр Исаевич Солженицын»
www.aisolzhenitsyn.ru
www.solzhenitsyn.ru
ООО «ГРАМОТА.РУ»","Культурно-просветительский интернет-портал, посвященный жизни и творчеству крупнейшего российского писателя и общественного деятеля, нобелевского лауреата Александра Исаевича Солженицына."
"Интернет-сайт «Нет – наркотикам»
www.narkotiki.ru
ООО «НЕЗАВИСИМОСТЬ»","Объективная и достоверная информация о современном состоянии дел в области профилактики наркомании, лечении наркозависимости и борьбы с незаконным оборотом наркотических веществ."
"Интернет-портал «Медиакратия»
www.mediacratia.ru
ООО «ЮНИВЕР КОНСАЛТИНГ»","Портал освещает деятельность Общероссийского информационно-образовательного проекта «Медиакратия» - постоянно действующей системы профессионального развития и повышения квалификации молодых журналистов"
"Интернет-ресурс «Дружественный Рунет»
www.FriendlyRunet.ru
НО Фонд Содействие развитию сети Интернет «Дружественный Рунет»","Ресурс фокусирует внимание пользователей на задаче общественного противодействия распространению негативного контента в Интернете.
На сайте размещена горячая линия по приему сообщений о детской порнографии в сети Интернет."
"Интернет-проект «РИА Новости» - «Дети в беде!»
www.deti.rian.ru
ФГУП РАМИ «РИА Новости»","Благотворительный проект ставит перед собой задачу помощи детям, нуждающимся в средствах на дорогостоящее лечение, освещения деятельности благотворительных фондов."
"Интернет-сайт «НеДопусти.Ру»
www.nedopusti.ru
РОО «Центр Интернет-технологий»","Социальный проект по защите детей от похищений и эксплуатации"
"Интернет-портал «Национальный узел Интернет-безопасности»
www.saferunet.ru
РОО «Центр Интернет-технологий»","Проект направлен на содействие повышению уровня безопасного использования Интернета в России и личной Интернет-безопасности пользователей"
"Интернет-сайт «Союз писателей Москвы»
www.soyuzpisateley.ru
ООО «Арс Нова Медиа»","Официальный сайт Союза писателей Москвы"
"Интернет-сайт «Радонеж.ру»
www.radonezh.ru
Религиозная организация Православное Братство «Радонеж» Русской Православной Церкви","Интернет-сайт православной радиостанции «Радонеж"
"Интернет-портал для студентов «Кампус»
www.campus-online.ru
ООО «РИЦ Северо-Восток»","Информационный ресурс, который объединяет мыслящих и активных студентов России – тех, кто способен производить инновационные идеи, объединять вокруг себя людей и реализовывать перспективные проекты."
"Интернет-сайт «Газета.Ру»
www.gazeta.ru
ЗАО «Газета.Ру»","Создание на портале www.gazeta.ru раздела «Детский спорт и здоровье».
Информация о работе детских спортивных и медицинских учреждений России, интервью с руководителями и посеттелями этих заведений, спортсменами, врачами, чиновниками, специалистами в этих областях"
"Интернет-сайт Государственного Литературного музея
www.goslitmuz.ru
ООО «Арт-Мэп»","Создание официального сайта Государственного Литературного музея"
"Интернет-сайт журнала «Экология и жизнь»
www.ecolife.ru
АНО «ЖУРНАЛ «ЭКОЛОГИЯ И ЖИЗНЬ»","Электронная версия журнала «Экология и жизнь».
Информация по охране окружающей среды, биологии, философии выживания человека, психологии внутреннего мира животных и человека."
"Интернет-сайт «ЗАТЕЕВО»
www.zateevo.ru
ООО «Пеликан»","Еженедельный информационно-познавательный журнал для школьников 9-14 лет.
Цель сайта - дать школьникам дополнительные темы и возможности для общения"
"Интернет-журнал «Наше наследие»
www.nasledie-rus.ru
ООО «Редакция журнала «Наше наследие»","Культурно-просветительский Интернет-журнал, посвященный проблемам историко-культурного наследия России: информация об изобразительных и архитектурных памятниках истории культуры - публикация архивных материалов, частных коллекций, мемуаров, эпистолярного наследия, фотоархивов."
"Интернет-сайт «Российская книжная палата» www.bookchamber.ru
ООО «Бук Чембэр Электроник»","Сайт Российской книжной палаты.
Расширение комплексных справочно-информационных услуг для библиотек, издателей, книгораспространителей по вопросам статистики, стандартизации, создания автоматизированного сервиса регистрации кодов ISBN, создания новых электронных каталогов, наиболее полного каталога книг, имеющихся на книжном рынке"
"Интернет-сайт «Известия науки»
www.inauka.ru
ОАО «Редакция газеты «ИЗВЕСТИЯ»","Информация об актуальных открытиях, исследованиях, технологиях, новейших достижениях российской и мировой науки"
"Электронная газета «Культура-Портал» www.kultura-portal.ru
АНО «Единство журналистики и культуры»","Информация о традиционной культуре, истории и современных направлениях развития искусства.
"
"Портал на основе электронной версии журнала «Наука и жизнь»
www.nkj.ru
АНО «Редакция журнала «Наука и жизнь»","- электронная версия журнала «Наука и жизнь»
- архив журнала
- новостной раздел: текущая информация о научных конференциях, симпозиумах и семинарах"
"Виртуальный музей радио и телевидения в сети Интернет
www.tvmuseum.ru
АНО «Творческий Центр ЮНЕСКО»","База данных, созданная на основе материалов Гостелерадиофонда, Росархива, ИТАР-ТАСС, ИПК работников телевидения и радиовещания, а также частных архивов, воссоздает этапы становления телерадиовещания."
"Аналитический информационно-публицистический портал «Вместе»
www.cis-vmeste.ru
Фонд «Институт Международного Сотрудничества»","Портал создан для аналитического, публицистического и информационно-пропагандистского разъяснения внешней и внутренней политики России на фоне анализа общих проблем мировой политики и экономики, межнационального гуманитарного сотрудничества на постсоветском пространстве – в странах СНГ и Балтии, продвижения идей сотрудничества в СНГ, ШОС, ОДКБ"
"Электронный журнал «Новый пенсионер»
www.pencioner.ru
АНО Журнал «Новый пенсионер»","Информационно-аналитическое издание для людей старшего возраста.
Главная задача проекта - постепенно менять отношение к людям старшего возраста, а также повышать самоуважение пенсионеров, показывать примеры достойного преодоления возрастных трудностей, дать в руки инструменты активной самореализации, подсказать, как найти свое дело, воспользовавшись современными технологиями"
"Интернет-сайт «Где ты, мама?»
www.gdetimama.ru
ООО «Телемир»
г.Саратов","Проект посвящен проблеме семейного устройства детей-сирот, оставшихся без попечения родителей:
-объединение информации обо всех детских домах Саратова и области
-предоставление всех необходимой информации для потенциальных родителей или попечителей"
"Интернет-сайт «Большое Золотое Кольцо России»
www.bigring.ru
НП «Большое Золотое Кольцо»","Интернет-представительство народного проекта «Большое Золотое Кольцо России», направленного на восстановление объектов культуры национального значения.
Информация об объектах, включенных регионами РФ в состав проекта, их истории, ходе восстановления"
"Интернет-сайт «Проект «РИА Новости» - «Наша Победа. День за днем»
www.nashapobeda.ru
ФГУП РАМИ «РИА Новости»","Социальный проект «РИА Новости», посвященный Победе в Великой Отечественной войне
На новом этапе развития ресурс должен стать мультимедийной энциклопедией ВОВ."
"Официальный портал Центрального совета «Всероссийского общества охраны памятников истории и культуры» (ВООПИиК)
www.voopik.ru
Всероссийская общественная организация «Всероссийское общество охраны памятников истории и культуры»","Информация по широкому кругу вопросов сферы культурного наследия: новости и события, комментарии, материалы об истории и современном состоянии памятников духовной и материальной культуры, благотворительных инициативах и социальной ответственности бизнеса, очерки о людях, которым мы обязаны сохранением памятников культуры прошлого"
"Интернет-сайт «СтопСПИД»
www.stopspid.ru
Благотворительный Фонд поддержки приоритетных стратегий в сфере общественного здравоохранения","Сайт является ресурсом всероссийской информационной кампании «СтопСПИД: Касается каждого» и направлен на пропаганду здорового образа жизни и формирование толерантного сознания по отношению к людям, живущим с ВИЧ"
"Официальный веб-сайт Российского Интернет Форума
www.rif.ru
РОО «Центр Интернет-технологий»","Официальный веб-сайт Российского Интернет Форума"
"Интернет-портал «МЕДИА ОБРАЗОВАНИЕ»
www.mediaobraz.tv
ООО Творческое Объединение «Арт Медиа Альянс»","Портал для специалистов медиаотрасли, заинтересованных в переподготовке и повышении образовательного уровня кадров"
"Интернет-сайт НЕОДНИ.РУ
www.neodni.ru
АНО Центр социальной адаптации «ОПОРА»","Сайт призван помочь интеграции в общество воспитанников и выпускников государственных учреждений для детей-сирот и детей, оставшихся без попечения родителей.
Сайт позволит выпускникам обмениваться полезными сведениями, при необходимости получить консультативную помощь специалистов (врача, психолога, юриста)"
"Интернет-сайт «У нас не курят»
www.beztabaka.ru
ООО «Инновационные социальные проекты»","Сайт посвящен профилактике табакокурения и снижению вреда от табачной зависимости для общества и человечества."
"Интернет-сайт Союза журналистов Москвы
www.ujmos.ru
Общественная организация «Союз журналистов Москвы»","Сайт, посвященный деятельности Союза журналистов Москвы.
За счет субсидии планируется создание новых разделов, посвященных учебно-практическим курсам «Бастион» и «Бастион-Регион»"
"Интернет-портал «ИнфоШОС»
www.infoshos.ru
ООО информационное агентство «Инфорос»","Освещение приоритетных направлений взаимодействия стран-участниц Шанхайской организации сотрудничества по обеспечению мира и стабильности в центральноазиатском регионе"
"Отраслевой портал «Гильдия издателей периодической печати (ГИПП)»
www.gipp.ru
НП «Гильдия издателей периодической печати»","Отраслевой портал Гильдии издателей периодической печати"
